{"cameraMode":{"drawMode":0,"name":"Shaded","section":"Shading Mode"},"sceneLighting":true,"audioPlay":false,"sceneViewState":{"m_AlwaysRefresh":false,"showFog":true,"showSkybox":true,"showFlares":true,"showImageEffects":true,"showParticleSystems":true,"showVisualEffectGraphs":true,"m_FxEnabled":true},"in2DMode":false,"pivot":{"x":174.9357452392578,"y":1.2806506156921387,"z":27.156110763549806},"rotation":{"x":-0.05155349522829056,"y":-0.4350654184818268,"z":0.02496093325316906,"w":-0.8985804915428162},"size":130.38536071777345,"orthographic":false}